{
    "eul2quat":
    {
        "inputs":
        [
            {"name":"eul", "kind":"required","type":
             ["numeric","2d","real","ncols=3"]},
            {"name":"sequence", "kind":"flag","type":
             ["choices=robotics.internal.validation.supportedEulerSequences"]}
        ]
    },
    "eul2rotm":
    {
        "inputs":
        [
            {"name":"eul", "kind":"required","type":
             ["numeric","2d","real","ncols=3"]},
            {"name":"sequence", "kind":"flag","type":
             ["choices=robotics.internal.validation.supportedEulerSequences"]}
        ]
    },
    "eul2tform":
    {
        "inputs":
        [
            {"name":"eul", "kind":"required","type":
             ["numeric","2d","real","ncols=3"]},
            {"name":"sequence", "kind":"flag","type":
             ["choices=robotics.internal.validation.supportedEulerSequences"]}
        ]
    },
    "quat2eul":
    {
        "inputs":
        [
            {"name":"quat", "kind":"required","type":
             [["numeric","2d","real","ncols=4"], ["quaternion"]]},
            {"name":"sequence", "kind":"flag","type":
             ["choices=robotics.internal.validation.supportedLegacyEulerSequences"]}
        ]
    },
    "rotm2eul":
    {
        "inputs":
        [
            {"name":"rotm", "kind":"required","type":
             [["numeric","real","2d","size=3,3"],["numeric","real","3d","size=3,3,:"]]},
            {"name":"sequence", "kind":"flag","type":
             ["choices=robotics.internal.validation.supportedEulerSequences"]}
        ]
    },
    "tform2eul":
    {
        "inputs":
        [
            {"name":"tform", "kind":"required","type":
             [["numeric","real","2d","size=4,4"],["numeric","real","3d","size=4,4,:"]]},
            {"name":"sequence", "kind":"flag","type":
             ["choices=robotics.internal.validation.supportedEulerSequences"]}
        ]
    }
}
