<?xml version="1.0" encoding="utf-8"?>
<!-- Copyright 2018-2020 The MathWorks, Inc. -->
<Models>

  <!-- name: User Facing string used to construct the navigation model from factory /!-->
  <!-- prototype: MATLAB class name that implements the navigation model /!-->
  <NavigationModel>
    <name>MultirotorGuidance</name>
    <prototype>uav.internal.impl.multirotor.GuidanceModel</prototype>
  </NavigationModel>

  <NavigationModel>
    <name>FixedWingGuidance</name>
    <prototype>uav.internal.impl.fixedwing.GuidanceModel</prototype>
  </NavigationModel>

</Models>
